資料区分,都道府県コード,警察署等コード,本票番号,事故内容,死者数,負傷者数,路線コード,上下線,地点コード,市区町村コード,発生日時　　年,発生日時　　月,発生日時　　日,発生日時　　時,発生日時　　分,昼夜,天候,地形,路面状態,道路形状,環状交差点の直径,信号機,一時停止規制　標識（当事者A）,一時停止規制　表示（当事者A）,一時停止規制　標識（当事者B）,一時停止規制　表示（当事者B）,車道幅員,道路線形,衝突地点,ゾーン規制,中央分離帯施設等,歩車道区分,事故類型,年齢（当事者A）,年齢（当事者B）,当事者種別（当事者A）,当事者種別（当事者B）,用途別（当事者A）,用途別（当事者B）,車両形状（当事者A）,車両形状（当事者B）,速度規制（指定のみ）（当事者A）,速度規制（指定のみ）（当事者B）,車両の衝突部位（当事者A）,車両の衝突部位（当事者B）,車両の損壊程度（当事者A）,車両の損壊程度（当事者B）,エアバッグの装備（当事者A）,エアバッグの装備（当事者B）,サイドエアバッグの装備（当事者A）,サイドエアバッグの装備（当事者B）,人身損傷程度（当事者A）,人身損傷程度（当事者B）,地点　緯度（北緯）,地点　経度（東経）,曜日(発生年月日),祝日(発生年月日)
1,52,101,0080,1,001,000,04160,0,0000,201,2019,03,10,23,17,22,3,2,2,12,00,7,00,23,00,23,05,8,01,70,1,4,21,35,75,04,51,31,00,01,00,04,00,10,30,3,1,2,0,2,0,4,1,360502757,1361346611,1,3
1,52,101,0081,2,000,001,99000,0,0000,201,2019,02,22,18,30,21,2,2,1,00,00,7,00,23,00,23,00,0,20,70,0,4,21,65,45,03,13,31,31,01,11,10,10,30,60,3,3,2,2,2,2,4,2,360438654,1361325368,6,3
1,52,101,0082,2,000,001,99000,0,0000,201,2019,02,14,11,39,12,2,2,1,00,00,7,00,23,00,23,00,0,20,70,0,4,21,75,35,03,03,31,31,01,01,10,10,30,70,3,3,2,2,2,2,4,2,360508003,1361438593,5,3
1,52,101,0083,2,000,001,10010,0,0000,201,2019,03,06,21,31,22,3,2,2,01,00,1,09,22,09,22,19,9,30,70,5,2,21,65,01,03,51,01,00,01,00,04,00,10,20,3,3,2,0,2,0,4,2,360345380,1361303199,4,3
1,52,101,0084,2,000,001,04160,0,0000,201,2019,03,10,10,50,12,2,2,1,01,00,1,09,22,09,22,15,9,30,70,4,2,21,65,25,04,04,31,31,01,01,04,04,80,10,2,2,1,1,2,2,4,2,360509318,1361530622,1,3
1,52,101,0085,2,000,001,37000,0,0000,201,2019,02,21,13,05,12,3,1,2,14,00,7,00,23,00,23,03,9,01,70,4,2,21,65,55,03,14,31,31,01,11,03,03,15,60,2,3,1,2,2,2,4,4,360453244,1361413762,5,3
1,52,101,0086,2,000,001,10010,0,0000,201,2019,03,15,07,12,12,1,2,1,01,00,1,09,22,00,23,15,9,30,70,5,2,01,45,45,03,61,31,00,01,00,03,00,10,00,3,0,2,0,2,0,4,2,360522254,1361232484,6,3
1,52,101,0087,2,000,001,37000,0,0000,322,2019,01,17,18,07,22,3,3,2,01,00,2,09,22,00,23,14,9,30,70,4,2,01,45,75,03,61,31,00,01,00,04,00,50,00,3,0,2,0,2,0,4,2,360537099,1361722241,5,3
1,52,101,0088,2,000,002,37000,0,0000,201,2019,01,29,12,45,12,2,2,2,01,00,7,01,21,09,22,15,9,30,70,4,2,21,65,45,03,03,31,31,01,01,10,10,10,20,3,3,2,2,2,2,4,2,360535976,1361249634,3,3
1,52,101,0089,2,000,001,37000,0,0000,201,2019,03,02,09,20,12,1,2,1,01,00,7,04,21,00,23,14,9,30,70,5,2,01,25,75,03,61,31,00,01,00,10,00,20,00,3,0,2,0,2,0,4,2,360420016,1361324787,7,3
1,52,101,0090,2,000,002,37000,0,0000,201,2019,03,09,11,55,12,1,1,1,07,00,7,00,23,00,23,04,9,01,70,4,2,21,65,01,03,04,01,31,01,01,04,04,50,70,3,3,2,2,2,2,4,2,360418038,1361150253,7,3
1,52,101,0091,2,000,001,01580,0,0000,201,2019,02,26,09,50,12,1,3,1,01,00,7,09,22,09,22,17,9,30,70,1,2,21,75,25,12,03,31,31,11,01,10,10,60,80,3,3,2,2,2,2,4,2,360201645,1361533708,3,3
1,52,101,0092,2,000,001,20160,0,0000,201,2019,03,05,12,52,12,1,2,1,01,00,7,09,22,01,21,15,9,30,70,4,2,21,35,01,03,04,31,31,01,01,03,10,50,80,3,3,2,2,2,2,2,4,360552886,1361504581,3,3
1,52,101,0093,2,000,001,10360,0,0000,201,2019,03,15,16,55,12,2,1,1,01,00,7,01,21,09,22,14,9,30,70,5,2,21,55,01,04,51,31,00,01,00,10,00,10,20,3,3,2,0,2,0,4,2,360358925,1361303427,6,3
1,52,101,0094,2,000,002,37000,0,0000,201,2019,03,15,11,28,12,2,1,1,14,00,7,00,23,00,23,03,9,20,70,4,2,21,55,35,03,03,31,31,01,01,04,04,50,40,3,3,2,2,2,2,4,2,360450935,1361151387,6,3
1,52,101,0095,2,000,001,20190,0,0000,201,2019,03,11,09,47,12,3,2,2,01,00,7,09,22,09,22,15,9,30,70,4,2,21,75,75,04,51,31,00,01,00,01,00,80,20,3,3,2,0,2,0,4,2,360351711,1361410190,2,3
1,52,101,0096,2,000,001,99000,0,0000,201,2019,02,25,15,42,12,1,2,1,00,00,7,00,23,00,23,00,0,20,70,0,4,01,45,45,14,61,31,00,11,00,10,00,30,00,3,0,2,0,2,0,4,2,360403100,1361305848,2,3
1,52,101,0097,2,000,001,37000,0,0000,201,2019,03,12,17,25,13,2,2,2,01,00,7,09,22,09,22,14,9,30,70,5,3,21,25,01,04,51,31,00,01,00,10,00,80,20,3,3,2,0,2,0,4,2,360551469,1361349991,3,3
1,52,101,0098,2,000,001,37000,0,0000,201,2019,02,17,03,00,22,3,2,2,01,00,3,09,22,09,22,15,9,30,70,5,2,21,55,45,03,04,31,31,01,01,03,03,10,50,3,3,2,2,2,2,4,4,360441024,1361415864,1,3
1,52,101,0099,2,000,001,00080,2,0000,201,2019,03,15,21,10,22,3,2,2,01,00,1,09,22,09,22,17,9,30,70,1,2,21,65,35,03,51,31,00,01,00,10,00,80,30,3,3,2,0,2,0,4,2,360418593,1361436369,6,3
1,52,101,0100,2,000,001,37000,0,0000,201,2019,03,14,17,30,13,2,2,1,14,00,7,00,23,00,23,03,9,01,70,5,4,21,45,45,03,51,31,00,01,00,02,00,40,20,3,3,2,0,2,0,4,2,360530965,1361250035,5,3
1,52,101,0101,2,000,001,37000,0,0000,201,2019,03,16,13,45,12,1,2,1,07,00,7,00,23,00,23,03,9,20,70,4,4,21,25,45,03,04,31,31,01,01,10,10,10,30,3,3,2,2,2,2,4,2,360509278,1361435924,7,3
1,52,101,0102,2,000,001,37000,0,0000,201,2019,02,16,15,50,12,3,2,2,01,00,7,09,22,09,22,15,9,30,70,4,3,21,55,01,03,03,31,31,01,01,10,10,80,50,3,3,2,2,2,2,4,2,360547162,1361454338,7,3
1,52,101,0103,2,000,001,00080,1,4080,201,2019,03,19,12,15,12,1,1,1,14,00,1,00,23,00,23,05,9,01,70,1,2,21,25,25,03,03,31,31,01,01,10,10,10,30,3,3,1,2,2,2,4,2,360406241,1361433033,3,3
1,52,101,0104,2,000,001,04160,0,0000,201,2019,03,13,19,15,22,2,2,2,01,00,1,09,22,09,22,15,9,30,70,4,2,21,01,35,04,14,31,31,01,11,03,03,50,50,3,3,2,2,2,2,4,2,360459004,1361255928,4,3
1,52,101,0105,2,000,001,10010,0,0000,201,2019,03,08,22,00,22,1,1,1,01,00,1,09,22,00,23,15,9,30,70,5,4,01,35,65,03,61,31,00,01,00,10,00,50,00,3,0,2,0,2,0,4,2,360522505,1361232576,6,3
1,52,101,0106,2,000,001,20190,0,0000,201,2019,03,27,07,50,12,2,2,1,01,00,1,09,22,09,22,18,9,30,70,5,4,21,45,55,03,51,31,00,01,00,10,00,10,20,3,3,2,0,2,0,4,2,360400525,1361317010,4,3
1,52,101,0114,2,000,001,10010,0,0000,201,2019,03,19,19,40,22,1,3,1,01,00,7,09,22,09,22,15,9,30,70,4,2,21,55,35,03,04,31,31,01,01,03,03,20,10,2,2,2,2,2,2,2,4,360657572,1361213168,3,3
1,52,103,0003,2,000,001,20880,0,0000,205,2019,02,19,16,29,12,3,2,2,01,00,7,09,22,01,22,14,9,30,70,4,2,21,01,01,04,14,31,31,01,11,03,10,10,40,2,3,1,2,2,2,2,4,355927288,1362956085,3,3
1,52,103,0005,2,000,001,37000,0,0000,205,2019,03,08,17,20,13,1,2,1,01,00,1,09,22,09,22,15,9,30,70,5,4,21,35,65,04,04,31,31,01,01,03,03,50,51,2,2,1,2,2,1,4,4,355837605,1362956076,6,3
1,52,104,0004,2,000,001,37000,0,0000,206,2019,03,15,09,30,12,1,2,1,01,00,7,09,22,09,22,11,9,30,70,5,4,21,65,75,04,51,31,00,01,00,10,00,40,20,3,3,2,0,2,0,4,2,360311242,1362957820,6,3
1,52,104,0005,2,000,001,37000,0,0000,206,2019,02,14,07,17,11,2,3,1,01,00,7,01,22,09,22,14,9,30,70,4,3,21,55,45,03,13,31,31,01,11,10,04,10,60,2,2,1,1,1,1,4,2,360454451,1362522377,5,3
1,52,105,0024,2,000,002,10350,0,0000,210,2019,02,22,12,14,12,1,3,1,07,00,7,00,23,00,23,04,9,01,70,4,2,21,45,35,03,14,31,31,01,11,04,04,70,50,3,3,2,1,2,2,2,4,360813159,1361313459,6,3
1,52,105,0025,2,000,001,37000,0,0000,210,2019,02,24,17,09,13,1,3,1,07,00,7,00,23,00,23,03,9,01,70,5,4,21,55,75,03,13,31,31,01,11,10,10,60,50,3,3,2,2,2,2,4,4,360823971,1361636090,1,3
1,52,105,0026,2,000,001,20640,0,0000,210,2019,03,07,17,07,13,2,3,2,14,00,7,00,23,00,23,03,9,01,70,4,2,21,55,35,03,03,31,31,01,01,10,03,10,40,3,3,2,2,2,2,4,2,361040605,1361622605,5,3
1,52,105,0027,1,001,002,20090,0,0000,210,2019,03,16,12,13,12,1,3,1,01,00,7,01,22,09,22,15,9,30,70,5,3,21,55,45,03,03,31,31,01,01,10,04,10,20,1,1,1,2,2,2,2,2,361024382,1361047026,7,3
1,52,105,0028,2,000,001,00080,1,0000,210,2019,03,11,13,30,12,2,3,2,14,00,7,00,23,00,23,04,9,01,70,1,2,21,01,55,04,14,31,31,01,11,10,10,10,30,3,3,2,2,2,2,4,2,360713039,1361531207,2,3
1,52,105,0029,2,000,001,10350,0,0000,210,2019,02,25,20,36,22,1,2,1,01,00,1,09,22,09,22,15,9,30,70,5,2,21,01,01,03,04,31,31,01,01,10,10,20,50,3,3,2,1,2,2,4,2,361001698,1361313188,2,3
1,52,105,0030,2,000,001,10130,0,0000,210,2019,02,19,10,45,12,3,2,2,01,00,7,01,22,09,22,15,9,30,70,4,2,21,75,01,04,04,31,31,01,01,03,04,40,10,3,3,2,2,2,2,4,2,360848070,1361543066,3,3
1,52,105,0031,2,000,001,20770,0,0000,210,2019,03,16,18,30,21,1,2,1,01,00,7,01,22,00,23,15,9,30,70,5,3,01,25,55,03,61,31,00,01,00,02,00,10,00,3,0,2,0,2,0,4,2,360731085,1361329669,7,3
1,52,105,0032,2,000,001,10010,0,0000,210,2019,03,24,14,30,12,1,3,1,07,00,1,00,23,00,23,03,9,01,70,4,2,21,25,35,03,03,31,31,01,01,04,04,10,20,3,3,2,2,2,2,4,2,360835548,1361203700,1,3
1,52,106,0005,2,000,001,99000,0,0000,208,2019,02,28,12,15,12,2,3,2,00,00,7,00,23,00,23,00,0,20,70,0,4,01,55,35,03,61,31,00,01,00,10,00,70,00,4,0,2,0,2,0,4,2,361304518,1361311338,5,3
1,52,106,0006,2,000,001,00080,1,3930,208,2019,02,02,06,12,23,2,3,2,14,00,7,00,23,00,23,05,9,01,70,4,2,21,55,01,11,03,01,31,11,01,10,10,20,51,3,2,2,1,2,2,4,4,361200033,1361603072,7,3
1,52,107,0003,2,000,001,20090,0,0000,210,2019,03,07,19,21,22,1,2,1,01,00,7,09,22,09,22,15,9,30,70,4,2,21,65,45,03,04,31,31,01,01,04,04,10,30,3,2,1,2,2,2,4,2,361208959,1360942846,5,3
1,52,107,0004,2,000,001,99000,0,0000,210,2019,03,07,20,26,22,3,3,1,00,00,7,00,23,00,23,00,0,20,70,0,4,01,75,65,03,61,31,00,01,00,10,00,80,00,4,0,1,0,2,0,4,2,361209693,1360943286,5,3
1,52,107,0005,2,000,001,37000,0,0000,210,2019,03,15,19,43,22,3,2,2,01,00,1,09,22,00,23,15,9,30,70,4,2,01,65,65,04,61,31,00,01,00,04,00,50,00,3,0,2,0,2,0,4,2,361234979,1360937702,6,3
1,52,107,0006,2,000,001,37000,0,0000,210,2019,03,12,06,44,11,1,3,1,01,00,1,09,22,09,22,15,9,30,70,5,3,21,45,25,04,04,31,31,01,01,10,10,10,30,3,3,2,2,2,2,4,2,361417466,1361051327,3,3
1,52,107,0007,2,000,001,99000,0,0000,210,2019,03,27,19,58,22,1,2,1,00,00,7,00,23,00,23,00,0,20,70,0,4,21,35,01,03,13,31,31,01,11,10,10,80,30,3,3,2,2,2,2,2,4,361237898,1360936041,4,3
1,52,109,0017,2,000,001,37000,0,0000,207,2019,03,03,19,14,22,2,2,1,01,00,1,09,22,00,23,15,9,30,70,4,4,01,65,25,14,61,31,00,11,00,03,00,10,00,3,0,2,0,2,0,4,2,355634423,1361147006,1,3
1,52,109,0018,2,000,001,00080,2,0000,207,2019,03,01,15,53,12,1,3,1,14,00,1,00,23,00,23,05,9,01,70,1,2,21,45,65,03,04,31,31,01,01,10,10,10,30,3,3,2,2,2,2,4,2,355907796,1361152903,6,3
1,52,109,0019,2,000,001,21540,0,0000,207,2019,02,26,17,02,13,1,2,1,01,00,7,09,22,09,22,14,8,30,70,6,2,21,55,01,14,51,31,00,11,00,04,00,10,40,3,3,2,0,2,0,4,2,355556281,1361039121,3,3
1,52,109,0020,2,000,001,99000,0,0000,207,2019,03,08,08,35,12,2,2,1,00,00,7,00,23,00,23,00,0,20,70,0,4,21,45,45,03,04,31,31,01,01,10,10,60,80,3,3,2,2,2,2,4,2,355723253,1361031933,6,3
1,52,109,0021,2,000,001,21090,0,0000,207,2019,02,28,19,13,22,1,3,1,01,00,7,09,22,09,22,14,7,20,70,4,2,21,35,45,03,04,31,31,01,01,03,03,50,70,3,3,2,2,2,2,2,4,355750275,1361054076,5,3
1,52,109,0022,2,000,001,95000,0,0000,423,2019,03,12,11,05,12,2,2,1,00,00,7,00,23,00,23,00,0,20,70,0,4,01,55,65,03,61,31,00,01,00,10,00,60,00,3,0,2,0,2,0,4,2,355632515,1360419806,3,3
1,52,109,0023,2,000,001,21540,0,0000,207,2019,02,22,15,18,12,1,2,1,07,00,1,00,23,00,23,03,9,01,70,4,2,21,35,55,04,14,31,31,01,11,03,03,30,10,2,3,2,2,2,2,2,4,355832139,1361052708,6,3
1,52,109,0024,2,000,001,37000,0,0000,207,2019,03,06,20,13,22,3,2,2,14,00,7,00,23,00,23,03,9,01,70,4,2,01,25,75,03,61,31,00,01,00,03,00,10,00,3,0,2,0,2,0,4,2,355818210,1361116248,4,3
1,52,111,0009,2,000,001,00080,2,4260,209,2019,02,28,16,57,13,2,2,1,14,00,7,00,23,00,23,04,9,01,70,1,2,21,25,25,04,14,31,31,01,11,10,10,13,10,3,3,2,2,2,2,2,4,355504948,1361128300,5,3
1,52,111,0010,2,000,001,00080,2,0000,209,2019,03,08,07,49,12,1,2,1,07,00,1,00,23,00,23,04,9,01,70,1,2,21,01,45,03,03,31,31,01,01,10,10,10,30,3,3,2,2,2,2,4,2,355226215,1360940208,6,3
1,52,111,0011,2,000,001,37000,0,0000,209,2019,03,07,18,27,21,2,3,2,07,00,1,00,23,00,23,03,9,01,70,4,3,21,35,55,04,04,31,31,01,01,03,03,10,13,2,2,2,2,2,2,4,2,355228602,1360935162,5,3
1,52,111,0012,2,000,001,99000,0,0000,209,2019,03,09,11,10,12,1,2,1,00,00,7,00,23,00,23,00,0,20,70,0,4,01,45,45,03,61,31,00,01,00,10,00,30,00,4,0,2,0,2,0,4,2,355440414,1361040353,7,3
1,52,111,0017,2,000,001,10340,0,0000,209,2019,03,15,12,10,12,1,2,1,14,00,7,00,23,00,23,03,9,01,70,4,2,21,01,35,03,04,31,31,01,01,04,04,30,10,3,3,2,2,2,2,2,4,355521716,1360932066,6,3
1,52,112,0023,2,000,001,37000,0,0000,202,2019,02,25,08,05,12,1,2,1,14,00,7,00,23,00,23,02,9,01,01,5,4,21,35,65,04,51,31,00,01,00,02,00,10,20,3,3,2,0,2,0,4,2,353829504,1360300755,2,3
1,52,112,0024,2,000,001,37000,0,0000,202,2019,01,31,17,50,21,3,1,2,14,00,7,00,23,00,23,02,9,20,70,5,4,01,55,55,03,61,31,00,01,00,10,00,80,00,3,0,2,0,2,0,4,2,353909118,1360430668,5,3
1,52,112,0025,2,000,001,00270,1,0000,202,2019,03,27,10,00,12,1,2,1,01,00,1,09,22,09,22,18,9,30,70,1,2,21,65,25,13,31,31,31,11,00,10,10,40,10,2,2,2,0,2,0,4,2,353057517,1355408473,4,3
1,52,113,0016,2,000,002,00270,1,0000,481,2019,02,10,13,54,12,1,3,1,13,00,7,00,23,00,23,03,6,01,70,4,2,21,35,25,03,04,31,31,01,01,04,04,10,30,3,3,2,2,2,2,4,2,352905971,1353344268,1,2
1,52,113,0018,2,000,001,01620,0,0000,204,2019,02,25,07,40,12,1,3,1,01,00,7,09,22,01,22,15,9,30,70,4,2,21,45,55,04,04,31,31,01,01,04,03,50,50,3,3,2,2,2,2,4,2,353148703,1354539525,2,3
1,52,113,0019,2,000,001,10310,0,0000,204,2019,03,20,16,14,12,1,3,1,14,00,7,00,23,00,23,03,9,01,70,4,2,21,65,25,03,04,31,31,01,01,04,04,50,50,2,2,1,1,2,2,4,2,352905070,1354740549,4,2
1,52,114,0028,2,000,001,37000,0,0000,201,2019,02,25,06,05,23,1,2,1,14,00,7,00,23,00,23,03,9,01,70,5,4,21,35,65,03,51,31,00,01,00,10,00,80,30,3,3,2,0,2,0,4,2,360300830,1361039828,2,3
1,52,114,0029,2,000,001,00080,1,0000,201,2019,02,16,15,52,12,3,2,2,14,00,7,00,23,00,23,04,9,01,70,1,2,21,45,65,03,03,31,31,01,01,10,10,10,30,3,3,2,2,2,2,4,2,360118317,1361255024,7,3
1,52,114,0030,2,000,001,37000,0,0000,201,2019,02,05,08,20,12,2,2,1,01,00,7,01,22,01,22,15,9,30,70,5,4,21,01,25,03,51,31,00,01,00,10,00,50,10,3,3,2,0,2,0,4,2,360315787,1361248629,3,3
1,52,114,0031,2,000,001,37000,0,0000,201,2019,02,25,10,42,12,1,3,1,01,00,7,09,22,09,22,15,9,30,70,4,2,21,65,35,17,13,31,31,11,11,03,10,34,10,2,3,2,1,2,2,2,4,360209038,1361313046,2,3
1,52,114,0032,2,000,001,00080,1,4115,201,2019,03,12,08,00,12,1,2,1,14,00,7,00,23,00,23,05,9,01,70,1,2,21,01,25,04,04,31,31,01,01,10,10,10,30,3,3,2,2,2,2,4,2,360229843,1361356909,3,3
1,52,114,0033,2,000,001,21540,0,0000,201,2019,02,27,23,38,22,2,2,1,07,00,1,00,23,00,23,05,9,01,70,4,2,21,65,25,03,03,01,31,01,01,04,04,10,13,3,3,2,2,2,2,4,2,360143338,1361243499,4,3
1,52,114,0034,2,000,001,21540,0,0000,201,2019,03,07,07,45,12,3,1,2,14,00,7,00,23,00,23,05,9,01,70,4,2,21,25,25,03,04,31,31,01,01,04,04,10,30,3,3,2,2,2,2,4,2,360223264,1361250725,5,3
1,52,114,0035,2,000,001,20980,0,0000,201,2019,03,11,01,57,22,3,1,2,14,00,7,00,23,00,23,03,9,01,70,4,2,21,65,65,03,04,31,31,01,01,03,03,10,10,3,3,2,2,2,2,2,4,360246764,1361343204,2,3
1,52,114,0036,2,000,001,37000,0,0000,201,2019,03,02,11,50,12,1,3,1,01,00,7,09,22,09,21,15,9,30,70,4,2,21,35,75,03,51,31,00,01,00,03,00,40,10,3,3,2,0,2,0,4,2,360220724,1361213438,7,3
1,52,114,0037,2,000,001,21540,0,0000,201,2019,03,07,09,05,12,3,3,2,01,00,1,09,22,00,23,15,9,30,70,5,2,01,45,75,03,61,31,00,01,00,03,00,10,00,3,0,2,0,2,0,4,2,360252954,1361254633,5,3
1,52,059,0011,2,000,008,43020,2,0596,404,2019,03,27,12,31,12,1,3,2,11,00,7,00,23,00,23,04,9,01,70,1,4,21,45,35,11,03,01,31,11,01,04,04,10,20,3,3,2,2,2,2,4,2,354642930,1361028309,4,3
1,52,059,0012,2,000,001,43020,2,0551,202,2019,04,04,13,24,12,1,3,1,11,00,7,00,23,00,23,03,9,01,70,1,4,21,35,65,12,04,01,31,11,01,07,07,10,30,3,2,2,2,2,2,4,2,354227186,1360650362,5,3
1,52,059,0013,2,000,001,43020,2,0870,207,2019,04,21,15,00,12,2,3,1,14,00,7,00,23,00,23,05,9,01,70,1,4,41,35,00,13,75,31,00,11,00,10,00,80,00,2,0,2,0,2,0,4,0,355738112,1361212897,1,3
1,52,101,0108,2,000,001,01580,0,0000,201,2019,03,25,16,26,12,2,2,1,14,00,7,00,23,00,23,05,9,01,70,4,2,21,01,55,03,14,31,31,01,11,10,10,13,10,2,3,2,2,2,2,2,4,360307176,1361436403,2,3
1,52,101,0109,2,000,001,99000,0,0000,201,2019,03,22,10,57,12,1,2,1,00,00,7,00,23,00,23,00,0,20,70,0,4,41,65,00,03,75,31,00,01,00,10,00,80,00,3,0,2,0,2,0,4,0,360519001,1361457378,6,3
1,52,101,0110,2,000,001,37000,0,0000,201,2019,02,22,19,55,22,1,1,1,01,00,7,04,21,00,23,15,9,30,70,5,4,01,35,01,03,61,31,00,01,00,10,00,50,00,3,0,2,0,2,0,4,2,360400265,1361251906,6,3
1,52,101,0111,2,000,001,37000,0,0000,201,2019,03,23,22,00,22,1,2,1,01,00,1,09,22,09,22,18,9,30,70,4,2,21,45,55,03,03,31,31,01,01,04,04,10,30,3,3,2,2,2,2,4,2,360414730,1361253471,7,3
1,52,101,0112,2,000,001,20370,0,0000,201,2019,04,06,07,45,12,1,2,1,07,00,8,00,23,00,23,05,9,01,70,4,2,21,01,35,03,04,31,31,01,01,04,04,50,70,3,3,2,2,2,2,4,2,360416762,1361408433,7,3
1,52,101,0113,2,000,001,37000,0,0000,201,2019,03,31,15,04,12,2,3,1,01,00,7,01,21,09,22,15,9,30,70,4,2,21,75,35,03,04,31,31,01,01,10,10,10,40,3,3,2,2,2,2,4,2,360547657,1361412706,1,3
1,52,101,0115,2,000,001,37000,0,0000,201,2019,03,23,09,25,12,1,2,1,01,00,1,09,22,09,22,15,9,30,70,4,2,21,25,65,13,04,01,31,11,01,03,03,10,24,2,2,1,1,2,2,4,2,360326661,1361424048,7,3
1,52,101,0116,2,000,001,10010,0,0000,201,2019,03,26,18,39,21,2,3,1,14,00,7,00,23,00,23,05,8,01,70,1,2,21,25,35,03,04,31,31,01,01,10,10,10,13,3,3,2,1,2,2,4,2,360619925,1361243617,3,3
1,52,101,0117,2,000,001,99000,0,0000,201,2019,03,17,09,00,12,3,2,2,00,00,7,00,23,00,23,00,0,20,70,0,4,01,45,45,03,61,31,00,01,00,10,00,50,00,4,0,2,0,2,0,4,2,360422404,1361440180,1,3
1,52,101,0118,2,000,001,00080,2,4055,201,2019,03,18,16,30,12,1,3,1,14,00,7,00,23,00,23,05,9,01,70,1,2,21,45,25,11,14,01,31,11,11,10,10,10,30,3,3,2,2,2,2,4,2,360524374,1361457791,2,3
1,52,101,0119,2,000,001,10350,0,0000,201,2019,03,19,18,30,21,2,2,1,01,00,1,09,22,00,23,15,9,30,70,4,2,01,35,01,03,61,31,00,01,00,10,00,10,00,3,0,2,0,2,0,4,2,360654419,1361311200,3,3
1,52,101,0120,2,000,002,37000,0,0000,322,2019,04,10,07,33,12,3,3,2,01,00,7,01,22,09,22,15,9,30,70,4,3,21,25,25,03,04,31,31,01,01,10,03,10,68,3,3,2,1,2,2,4,2,360628084,1361702931,4,3
1,52,101,0121,2,000,001,20200,0,0000,201,2019,03,15,08,54,12,2,1,1,14,00,7,00,23,00,23,05,9,01,70,4,2,21,45,55,03,04,31,31,01,01,03,03,30,10,3,3,2,2,2,2,2,4,360402637,1361248509,6,3
1,52,101,0122,2,000,001,37000,0,0000,201,2019,03,14,15,31,12,2,2,1,01,00,1,09,22,09,22,14,9,30,70,4,2,21,55,75,04,04,31,31,01,01,02,03,50,61,2,2,2,1,2,2,4,2,360422570,1361207989,5,3
1,52,101,0123,2,000,001,04160,0,0000,201,2019,04,12,18,28,21,1,2,1,01,00,7,09,22,09,22,15,9,30,70,4,2,21,01,55,03,14,31,31,01,11,10,04,50,50,3,3,2,2,2,2,4,2,360505554,1361416273,6,3
1,52,101,0124,2,000,001,37000,0,0000,201,2019,04,03,07,15,12,3,1,2,14,00,7,00,23,00,23,05,9,01,70,4,2,21,25,55,03,03,31,31,01,01,04,04,10,30,3,3,2,2,2,2,4,2,360410494,1361150978,4,3
1,52,101,0125,2,000,001,20200,0,0000,201,2019,04,09,18,50,21,1,1,1,01,00,1,09,22,00,23,15,9,30,70,4,2,01,55,01,03,61,31,00,01,00,03,00,40,00,3,0,2,0,2,0,4,2,360405140,1361223543,3,3
1,52,101,0126,2,000,001,04160,0,0000,201,2019,03,17,18,24,21,3,2,2,14,00,2,00,23,00,23,03,9,01,70,4,2,21,01,25,03,03,31,31,01,01,04,04,10,31,3,3,2,2,2,2,4,2,360501375,1361327112,1,3
1,52,101,0127,2,000,002,20190,0,0000,201,2019,04,05,15,55,12,1,3,1,01,00,1,09,22,09,22,15,9,30,70,4,2,21,55,25,12,04,01,31,11,01,10,10,30,10,3,3,2,2,2,2,4,2,360352886,1361624224,6,3
1,52,101,0128,2,000,001,37000,0,0000,201,2019,04,09,10,08,12,1,2,1,14,00,2,00,23,00,23,05,9,01,70,4,2,21,65,75,12,03,01,31,11,01,04,04,10,30,3,3,2,2,2,2,4,2,360426509,1361149951,3,3
1,52,101,0129,2,000,002,00080,2,4083,201,2019,04,10,12,20,12,3,2,2,14,00,7,00,23,00,23,05,9,01,70,1,2,21,25,01,17,04,01,31,11,01,10,10,10,13,3,3,2,2,2,2,4,2,360354456,1361431291,4,3
1,52,101,0130,2,000,001,20170,0,0000,201,2019,04,11,08,10,12,1,2,1,07,00,1,00,23,00,23,04,9,01,70,4,3,21,45,65,03,04,31,31,01,01,10,10,30,10,3,3,2,2,2,2,2,4,360702904,1361439960,5,3
1,52,101,0131,2,000,002,37000,0,0000,201,2019,04,02,06,13,11,3,3,3,14,00,7,00,23,00,23,04,8,01,70,4,2,21,65,65,04,14,31,31,01,11,10,10,50,50,2,2,1,1,2,2,2,4,360430021,1361130340,3,3
1,52,101,0132,1,001,000,10360,0,0000,201,2019,04,25,19,30,21,3,2,1,01,00,2,09,22,00,23,15,9,30,70,4,2,01,35,65,03,61,31,00,01,00,04,00,10,00,3,0,2,0,2,0,4,1,360618898,1361327380,5,3
1,52,101,0133,2,000,001,10370,0,0000,201,2019,04,12,08,00,12,1,3,1,01,00,7,09,22,01,22,15,9,30,70,4,4,21,35,45,03,04,31,31,01,01,10,10,20,10,3,3,2,2,2,2,2,4,360119681,1361721946,6,3
1,52,101,0134,2,000,001,10150,0,0000,201,2019,04,06,12,40,12,1,1,1,01,00,1,09,22,09,22,19,9,30,70,5,2,21,45,25,04,51,31,00,01,00,04,00,10,20,3,3,2,0,2,0,4,2,360345693,1361304095,7,3
1,52,101,0135,2,000,001,37000,0,0000,201,2019,04,20,18,27,13,1,1,1,14,00,7,00,23,00,23,03,9,01,70,4,2,21,65,45,03,04,31,31,01,01,04,04,40,50,3,3,2,2,2,2,4,2,360516098,1361316094,7,3