資料区分,都道府県コード,警察署等コード,本票番号,事故内容,死者数,負傷者数,路線コード,上下線,地点コード,市区町村コード,発生日時　　年,発生日時　　月,発生日時　　日,発生日時　　時,発生日時　　分,昼夜,天候,地形,路面状態,道路形状,環状交差点の直径,信号機,一時停止規制　標識（当事者A）,一時停止規制　表示（当事者A）,一時停止規制　標識（当事者B）,一時停止規制　表示（当事者B）,車道幅員,道路線形,衝突地点,ゾーン規制,中央分離帯施設等,歩車道区分,事故類型,年齢（当事者A）,年齢（当事者B）,当事者種別（当事者A）,当事者種別（当事者B）,用途別（当事者A）,用途別（当事者B）,車両形状（当事者A）,車両形状（当事者B）,速度規制（指定のみ）（当事者A）,速度規制（指定のみ）（当事者B）,車両の衝突部位（当事者A）,車両の衝突部位（当事者B）,車両の損壊程度（当事者A）,車両の損壊程度（当事者B）,エアバッグの装備（当事者A）,エアバッグの装備（当事者B）,サイドエアバッグの装備（当事者A）,サイドエアバッグの装備（当事者B）,人身損傷程度（当事者A）,人身損傷程度（当事者B）,地点　緯度（北緯）,地点　経度（東経）,曜日(発生年月日),祝日(発生年月日)
1,52,111,0048,2,000,002,37000,0,0000,209,2019,08,07,16,05,12,1,3,1,01,00,7,09,22,01,22,14,9,30,70,5,4,21,25,65,03,04,31,31,01,01,10,10,10,40,2,2,1,1,2,2,2,2,355604230,1360929499,4,3
1,52,111,0049,2,000,001,10070,0,0000,209,2019,06,21,14,00,12,1,3,1,01,00,1,09,22,09,22,15,9,30,70,4,3,21,75,55,14,35,31,31,11,00,03,03,50,30,3,3,2,0,2,0,4,2,355607000,1361624917,6,3
1,52,112,0063,2,000,001,99000,0,0000,202,2019,07,08,11,30,12,1,3,1,00,00,7,00,23,00,23,00,0,20,70,0,4,21,45,75,14,51,31,00,11,00,10,00,30,40,3,3,2,0,2,0,4,2,353834865,1360255358,2,3
1,52,112,0064,2,000,001,37000,0,0000,202,2019,08,03,12,15,12,1,2,1,14,00,7,00,23,00,23,02,9,20,70,5,4,01,65,01,04,61,31,00,01,00,10,00,10,00,4,0,2,0,2,0,4,2,353832652,1360251877,7,3
1,52,112,0065,1,001,000,37000,0,0000,202,2019,08,01,10,00,12,1,2,1,14,00,7,00,23,00,23,03,7,01,70,5,4,41,75,00,51,76,00,00,00,00,00,00,10,00,3,0,0,0,0,0,1,0,353755928,1360321788,5,3
1,52,112,0066,2,000,001,37000,0,0000,202,2019,07,29,07,30,12,1,2,1,07,00,7,00,23,00,23,04,3,01,70,4,2,21,25,01,03,03,31,31,01,01,10,10,10,30,3,3,2,2,2,2,4,2,353801187,1360411493,2,3
1,52,112,0067,2,000,001,00080,2,0468,202,2019,07,22,09,40,12,3,2,1,11,00,7,00,23,00,23,03,3,01,70,4,2,21,55,55,11,14,01,31,11,11,04,04,10,10,2,1,2,2,2,2,4,2,353716301,1360501393,2,3
1,52,112,0068,2,000,001,37000,0,0000,202,2019,08,01,07,49,12,1,2,1,01,00,1,09,22,09,22,15,9,30,70,5,2,21,55,01,04,51,31,00,01,00,03,00,80,40,3,3,2,0,2,0,4,2,353855278,1360323070,5,3
1,52,112,0069,2,000,001,21500,0,0000,202,2019,08,08,20,25,22,1,1,1,01,00,7,09,22,00,23,15,9,30,70,4,2,01,35,75,13,61,31,00,11,00,03,00,50,00,3,0,2,0,2,0,4,2,353813603,1360327201,5,3
1,52,112,0070,2,000,002,10390,0,0000,202,2019,08,04,14,24,12,1,3,1,14,00,7,00,23,00,23,03,9,01,70,4,2,21,01,25,03,03,31,31,01,01,03,03,10,30,3,3,2,2,2,2,4,2,353927826,1360240527,1,3
1,52,112,0071,2,000,001,00270,1,0202,501,2019,07,21,13,22,12,2,3,1,14,00,7,00,23,00,23,03,8,01,70,4,2,21,65,35,03,04,31,31,01,01,04,04,50,50,2,2,1,1,2,2,4,2,353427126,1355433100,1,3
1,52,112,0072,2,000,001,37000,0,0000,202,2019,07,31,11,55,12,1,2,1,01,00,1,09,22,09,22,15,9,30,70,5,3,21,75,35,03,04,31,31,01,01,10,03,80,40,3,3,2,2,2,2,4,2,353702188,1360318298,4,3
1,52,112,0073,2,000,001,37000,0,0000,202,2019,07,11,12,33,12,3,2,2,01,00,1,09,22,09,22,15,9,30,70,5,2,21,25,25,03,04,31,31,01,01,03,10,10,24,3,3,2,2,2,2,4,2,353835160,1360323124,5,3
1,52,112,0074,2,000,002,10390,0,0000,202,2019,08,17,11,30,12,1,1,1,14,00,7,00,23,00,23,03,9,01,70,4,4,21,45,75,03,04,31,31,01,01,03,03,30,10,3,3,2,2,2,2,2,4,353908227,1360319874,7,3
1,52,112,0075,2,000,001,37000,0,0000,202,2019,08,12,17,35,12,1,2,1,01,00,1,09,22,09,22,15,9,30,70,5,2,21,55,55,03,51,31,00,01,00,04,00,10,20,3,2,2,0,2,0,4,2,353843927,1360242961,2,1
1,52,112,0076,2,000,001,99000,0,0000,202,2019,08,20,12,15,12,2,2,1,00,00,7,00,23,00,23,00,0,20,70,0,4,21,45,01,04,14,31,31,01,11,10,10,60,10,3,3,2,2,2,2,2,4,353751466,1360310856,3,3
1,52,112,0077,2,000,001,00270,2,1780,442,2019,08,24,16,01,12,1,3,1,13,00,7,00,23,00,23,03,6,01,70,4,3,21,75,65,03,14,31,31,01,11,04,04,50,50,2,2,2,2,2,2,4,2,353534243,1355504898,7,3
1,52,113,0035,2,000,001,00270,1,0034,501,2019,07,20,07,51,12,2,3,2,01,00,1,09,22,09,22,18,9,30,70,5,4,21,35,25,03,03,31,31,01,01,04,04,87,56,3,3,2,1,2,2,4,2,352828175,1355220902,7,3
1,52,113,0036,2,000,001,01620,0,0000,204,2019,03,31,02,48,22,1,3,2,01,00,1,09,22,09,22,15,3,30,70,4,4,21,55,25,03,04,31,31,01,01,04,04,80,50,2,2,1,1,2,2,4,2,352847768,1354450963,1,3
1,52,113,0037,2,000,001,00270,0,0000,501,2019,08,03,08,35,12,1,3,1,07,00,1,00,23,00,23,04,9,01,70,4,2,21,25,55,03,04,31,31,01,01,04,04,10,60,2,2,1,2,2,2,4,2,352745625,1355143170,7,3
1,52,113,0038,2,000,001,00270,2,0000,481,2019,08,05,07,50,12,1,2,1,14,00,7,00,23,00,23,03,9,01,70,4,2,21,25,75,03,14,31,31,01,11,04,04,30,10,3,3,2,2,2,2,2,4,352919933,1353201887,2,3
1,52,113,0039,2,000,001,00270,0,0000,204,2019,07,24,18,35,13,1,3,1,01,00,1,09,22,09,22,15,9,20,70,5,2,21,01,55,03,04,31,31,01,01,04,10,50,53,3,2,2,2,2,2,4,2,352822374,1354815488,4,3
1,52,113,0040,2,000,001,37000,0,0000,501,2019,07,30,09,47,12,1,3,1,11,00,7,00,23,00,23,03,9,01,70,4,2,21,35,45,17,51,31,00,11,00,10,00,80,30,3,3,2,0,2,0,4,2,353111196,1355220895,3,3
1,52,113,0041,2,000,001,37000,0,0000,204,2019,08,01,17,48,12,1,2,1,01,00,1,09,22,09,22,18,9,30,70,4,4,21,55,75,04,04,31,31,01,01,04,03,10,58,2,2,1,1,2,2,4,2,352843577,1354457252,5,3
1,52,113,0042,2,000,001,00270,1,0000,481,2019,08,04,17,17,12,1,3,1,07,00,7,00,23,00,23,03,9,01,70,4,3,21,25,01,03,04,31,31,01,01,04,04,10,30,3,3,2,2,2,2,4,2,352914881,1353246578,1,3
1,52,114,0083,2,000,001,10100,0,0000,201,2019,07,19,14,53,12,2,2,1,01,00,7,09,22,09,22,14,9,30,70,4,2,21,25,01,03,51,31,00,01,00,10,00,10,20,3,3,2,0,2,0,4,2,360324360,1361049115,6,3
1,52,114,0084,2,000,001,37000,0,0000,201,2019,06,23,16,42,12,2,3,1,14,00,7,00,23,00,23,03,9,01,70,4,2,21,01,65,03,14,31,31,01,11,10,10,50,50,2,2,1,2,2,2,4,2,360142629,1361340300,1,3
1,52,114,0085,2,000,001,37000,0,0000,201,2019,07,20,18,48,13,2,2,1,01,00,4,09,22,09,22,15,9,30,70,4,2,21,45,55,03,14,31,31,01,11,02,03,10,20,3,2,2,2,2,2,4,2,360336478,1361153797,7,3
1,52,114,0086,2,000,001,10380,0,0000,201,2019,07,28,08,00,12,1,3,1,14,00,7,00,23,00,23,04,9,01,70,4,2,21,75,65,14,14,31,31,11,11,04,04,10,30,3,3,2,2,2,2,4,2,360036279,1361210292,1,3
1,52,114,0087,2,000,001,37000,0,0000,201,2019,07,12,10,26,12,2,2,1,14,00,7,00,23,00,23,04,9,01,70,4,2,21,55,65,03,04,31,31,01,01,03,03,30,10,3,3,2,2,2,2,2,4,360223015,1361338502,6,3
1,52,114,0088,2,000,001,03050,0,0000,201,2019,07,24,19,55,21,1,3,1,01,00,7,09,22,09,22,15,9,30,70,4,2,21,55,25,03,34,31,31,01,00,10,10,70,10,3,3,2,0,2,0,4,2,360206277,1360044385,4,3
1,52,114,0089,2,000,001,99000,0,0000,201,2019,08,02,19,50,21,1,2,1,00,00,7,00,23,00,23,00,0,20,70,0,4,21,45,65,03,04,31,31,01,01,10,10,30,30,3,3,2,2,2,2,2,4,360247248,1361114982,6,3
1,52,114,0090,2,000,001,20990,0,0000,201,2019,07,24,16,15,12,1,3,1,01,00,4,09,22,09,22,15,9,30,70,4,2,21,35,01,03,03,31,31,01,01,04,03,20,10,2,3,2,2,2,2,4,2,360106550,1361531014,4,3
1,52,114,0091,2,000,001,37000,0,0000,201,2019,07,21,15,21,12,1,2,2,14,00,7,00,23,00,23,02,9,01,70,5,4,21,25,55,03,14,31,31,01,11,10,10,50,30,3,3,2,2,2,2,2,4,360325979,1361118018,1,3
1,52,114,0092,2,000,001,21540,0,0000,201,2019,07,30,07,45,12,1,1,1,14,00,7,00,23,00,23,04,9,01,70,4,2,21,55,01,03,04,31,31,01,01,04,04,30,10,3,3,2,2,2,2,2,4,360258718,1361254330,3,3
1,52,114,0093,1,001,000,21540,0,0000,201,2019,08,21,10,59,12,2,1,1,01,00,1,09,22,09,22,18,9,30,70,4,2,21,45,75,03,51,31,00,01,00,04,00,10,20,3,3,2,0,2,0,4,1,360308246,1361254271,4,3
1,52,114,0094,2,000,001,37000,0,0000,201,2019,08,05,08,04,12,1,2,1,14,00,7,00,23,00,23,03,9,01,70,5,4,01,01,75,03,61,31,00,01,00,10,00,30,00,3,0,2,0,2,0,4,2,360307506,1361048619,2,3
1,52,114,0095,2,000,001,10100,0,0000,201,2019,07,26,08,55,12,1,1,1,14,00,1,00,23,00,23,03,9,01,70,4,2,21,01,01,03,03,31,31,01,01,04,04,10,30,3,3,2,2,2,2,4,2,360341925,1361236356,6,3
1,52,114,0096,2,000,001,21540,0,0000,201,2019,08,19,19,04,21,3,2,2,01,00,1,09,22,09,22,19,9,30,70,4,2,21,35,01,03,04,31,31,01,01,04,04,10,13,3,3,2,2,2,2,4,2,360200134,1361247524,2,3
1,52,114,0097,2,000,001,21540,0,0000,201,2019,08,25,10,00,12,1,2,1,01,00,1,09,22,09,22,18,9,30,70,4,2,21,45,65,03,04,31,31,01,01,04,04,40,10,2,2,2,2,2,2,2,4,360049926,1361216308,1,3
1,52,114,0098,2,000,002,37000,0,0000,201,2019,08,25,10,10,12,1,2,1,01,00,1,09,22,09,22,15,9,30,01,4,4,21,25,75,04,04,31,31,01,01,03,02,80,10,3,3,2,2,2,2,4,2,360220122,1361245984,1,3
1,52,114,0099,2,000,001,10380,0,0000,201,2019,08,09,19,35,21,1,2,1,01,00,7,09,22,01,22,15,9,30,70,5,2,21,65,45,03,04,31,31,01,01,04,10,50,00,3,4,2,2,2,2,4,4,360019929,1361152583,6,3
1,52,114,0104,2,000,001,99000,0,0000,201,2019,08,18,14,01,12,1,3,1,00,00,7,00,23,00,23,00,0,20,70,0,4,21,45,25,03,03,31,31,01,01,10,10,60,40,3,3,2,2,2,2,4,2,360152936,1360901164,1,3
1,52,059,0023,2,000,002,43020,2,0840,207,2019,08,06,08,26,12,1,3,1,14,00,7,00,23,00,23,06,9,01,70,1,4,21,55,75,17,03,01,31,11,01,10,10,30,10,3,3,2,1,2,2,2,4,355604259,1361203907,3,3
1,52,059,0024,2,000,001,43020,2,0000,201,2019,08,18,15,31,12,1,3,1,14,00,7,00,23,00,23,04,9,01,70,1,4,21,01,01,04,04,31,31,01,01,10,10,40,20,3,3,2,2,1,2,4,2,360201236,1361517892,1,3
1,52,101,0278,2,000,001,99000,0,0000,201,2019,08,16,19,30,21,1,2,1,00,00,7,00,23,00,23,00,0,20,70,0,4,21,01,25,03,04,31,31,01,01,10,10,70,20,3,3,2,2,2,2,4,2,360309243,1361429413,6,3
1,52,101,0280,2,000,001,37000,0,0000,201,2019,07,25,17,35,12,1,2,1,14,00,1,00,23,00,23,04,9,01,70,4,2,21,45,45,03,03,31,31,01,01,04,04,10,30,3,3,2,2,2,2,4,2,360539546,1361505983,5,3
1,52,101,0282,2,000,001,04160,0,0000,201,2019,07,12,16,55,12,1,2,1,07,00,1,00,23,00,23,05,9,01,70,4,2,21,45,01,03,03,31,31,01,01,03,03,10,31,3,3,2,2,2,2,4,2,360501794,1361333241,6,3
1,52,101,0283,1,001,000,37000,0,0000,201,2019,09,04,04,00,22,2,3,1,07,00,7,00,23,00,23,03,9,01,70,4,3,41,75,00,03,75,31,00,01,00,03,00,10,00,3,0,1,0,2,0,1,0,360535177,1361045573,4,3
1,52,101,0284,2,000,001,37000,0,0000,201,2019,09,04,17,40,13,2,1,1,01,00,1,09,22,00,23,15,9,30,70,4,2,21,01,00,51,00,00,00,00,00,00,00,10,00,3,0,0,0,0,0,2,0,360326896,1361424118,4,3
1,52,101,0285,2,000,001,37000,0,0000,201,2018,04,09,07,45,12,1,1,1,01,00,1,09,22,09,22,18,9,30,70,4,2,21,35,01,13,04,31,31,11,01,02,04,10,20,3,3,2,2,2,2,4,4,360414698,1361250033,2,3
1,52,101,0286,2,000,001,37000,0,0000,201,2019,08,21,23,09,22,3,2,2,14,00,7,00,23,00,23,03,9,01,70,5,2,21,35,45,03,51,31,00,01,00,03,00,50,40,3,2,2,0,2,0,4,2,360415667,1361205329,4,3
1,52,101,0287,2,000,001,20200,0,0000,201,2019,07,29,19,05,21,1,2,1,01,00,1,09,22,09,22,15,9,30,70,4,2,21,25,45,03,03,31,31,01,01,04,04,10,30,3,3,2,2,2,2,4,2,360405100,1361223747,2,3
1,52,101,0288,2,000,001,10360,0,0000,201,2019,08,29,20,15,22,2,2,2,14,00,7,00,23,00,23,05,9,01,70,4,2,21,01,35,03,03,31,31,01,01,10,03,10,80,2,2,1,1,2,2,4,2,360508740,1361337656,5,3
1,52,101,0289,2,000,002,10350,0,0000,201,2019,08,31,16,00,12,1,3,1,01,00,7,09,22,09,22,15,9,30,70,4,2,21,01,01,03,04,31,31,01,01,10,03,10,40,3,2,2,2,2,2,4,2,360711120,1361343577,7,3
1,52,101,0290,1,001,000,37000,0,0000,201,2019,09,10,14,25,12,1,2,1,13,00,7,00,23,00,23,02,3,01,70,5,4,41,75,00,04,75,31,00,01,00,10,00,10,00,2,0,1,0,2,0,1,0,360334646,1361429973,3,3
1,52,101,0291,2,000,001,37000,0,0000,201,2019,09,06,13,05,12,1,2,1,14,00,7,00,23,00,23,03,9,01,70,5,4,21,01,45,03,04,31,31,01,01,10,10,10,30,3,3,2,2,2,2,2,4,360503628,1361316989,6,3
1,52,101,0292,2,000,001,37000,0,0000,201,2019,04,07,01,00,22,1,1,1,01,00,7,09,22,00,23,15,9,30,70,5,4,01,45,35,03,61,31,00,01,00,02,00,10,00,4,0,2,0,2,0,4,2,360353669,1361253436,1,3
1,52,101,0293,2,000,001,37000,0,0000,201,2019,09,11,13,35,12,2,2,2,14,00,7,00,23,00,23,03,9,01,70,4,2,21,75,55,03,04,31,31,01,01,10,10,30,10,3,3,2,2,2,2,4,2,360345062,1361428130,4,3
1,52,101,0294,2,000,001,37000,0,0000,201,2019,09,09,07,56,12,1,3,1,07,00,7,00,23,00,23,03,9,01,70,5,4,21,55,75,03,04,31,31,01,01,03,03,30,10,3,3,2,2,2,2,2,4,360239051,1361645670,2,3
1,52,101,0295,2,000,001,37000,0,0000,201,2019,08,31,13,00,12,1,2,1,01,00,4,09,22,09,22,15,9,30,70,4,4,21,45,01,03,04,31,31,01,01,10,10,40,10,3,3,2,1,2,2,2,4,360511062,1361327995,7,3
1,52,101,0296,2,000,001,00080,2,0000,201,2019,08,29,14,40,12,2,3,1,14,00,7,00,23,00,23,05,9,01,70,1,2,21,25,55,03,03,31,31,01,01,10,10,10,30,3,3,2,2,2,2,4,2,360615000,1361516663,5,3
1,52,101,0297,2,000,001,10240,0,0000,322,2019,08,20,17,45,13,2,2,1,01,00,7,09,22,09,22,15,9,30,70,4,2,21,55,45,11,04,31,31,11,01,04,04,80,50,3,1,2,1,2,2,4,2,360546435,1362032596,3,3
1,52,101,0298,2,000,001,20190,0,0000,201,2019,08,25,21,38,22,1,3,1,14,00,7,00,23,00,23,03,9,01,70,4,3,21,35,25,03,04,31,31,01,01,10,10,10,30,3,2,2,2,2,2,4,2,360352746,1361611733,1,3
1,52,101,0299,2,000,001,00080,2,4037,201,2019,09,12,18,43,21,1,3,1,14,00,7,00,23,00,23,05,9,01,70,1,2,21,01,65,04,04,31,31,01,01,10,10,10,30,3,3,2,2,2,2,4,2,360601847,1361513242,5,3
1,52,101,0300,2,000,001,37000,0,0000,201,2019,09,04,17,30,13,3,2,2,01,00,7,09,22,04,21,15,9,30,70,4,2,21,35,01,04,51,31,00,01,00,02,00,50,40,3,3,2,0,2,0,4,2,360409673,1361316527,4,3
1,52,101,0301,2,000,001,37000,0,0000,201,2019,08,30,10,00,12,3,2,2,07,00,1,00,23,00,23,04,9,01,70,4,2,21,65,25,04,04,31,31,01,01,04,04,10,20,3,3,2,2,2,2,4,2,360554963,1361243912,6,3
1,52,101,0302,2,000,001,37000,0,0000,201,2019,09,05,02,05,22,2,2,1,14,00,7,00,23,00,23,04,9,01,70,4,3,01,55,35,03,61,01,00,01,00,02,00,10,00,3,0,2,0,2,0,4,2,360354555,1361253844,5,3
1,52,101,0303,2,000,001,04160,0,0000,201,2019,09,11,07,00,12,1,3,1,14,00,1,00,23,00,23,04,9,01,70,1,3,21,25,65,03,04,31,31,01,01,03,03,30,10,3,3,2,2,2,2,2,4,360613519,1361132873,4,3
1,52,101,0304,2,000,001,10010,0,0000,201,2019,09,17,10,38,12,2,2,1,07,00,1,00,23,00,23,04,9,01,70,4,2,21,45,55,17,04,01,31,11,01,03,03,10,30,3,3,2,2,2,2,4,2,360519570,1361231950,3,3
1,52,101,0305,2,000,002,37000,0,0000,201,2019,08,01,15,38,12,1,2,1,14,00,7,00,23,00,23,03,9,01,70,5,2,21,45,55,03,04,31,31,01,01,02,02,70,70,3,3,2,2,2,2,2,4,360323392,1361411903,5,3
1,52,101,0306,2,000,001,37000,0,0000,201,2019,08,11,19,55,22,1,2,1,14,00,7,00,23,00,23,03,9,01,70,5,4,01,45,35,03,61,31,00,01,00,10,00,50,00,4,0,2,0,2,0,4,2,360705853,1361308218,1,1
1,52,101,0307,2,000,001,37000,0,0000,201,2019,09,11,20,18,22,1,1,1,01,00,7,01,21,09,22,15,9,30,70,4,3,21,45,45,04,04,31,31,01,01,10,10,10,40,3,3,2,2,2,2,4,2,360351893,1361259812,4,3
1,52,105,0082,2,000,001,21590,0,0000,210,2019,08,18,13,25,12,1,3,1,01,00,7,09,21,09,22,15,9,30,70,4,3,21,65,55,03,03,31,31,01,01,10,10,80,50,3,3,2,2,2,2,4,2,360820253,1361303739,1,3
1,52,105,0083,2,000,001,10350,0,0000,210,2019,09,12,15,48,12,1,1,1,07,00,7,00,23,00,23,04,9,01,70,4,2,21,25,55,04,14,31,31,01,11,03,03,30,10,3,3,2,2,2,2,2,4,360745851,1361330744,5,3
1,52,105,0084,2,000,001,10350,0,0000,210,2019,09,07,16,43,12,1,3,1,01,00,1,09,22,09,22,14,9,30,70,4,2,21,01,45,03,04,31,31,01,01,10,10,10,13,3,3,2,2,1,1,4,2,361001708,1361313273,7,3
1,52,105,0085,2,000,001,00080,2,0000,210,2019,08,29,20,30,22,1,2,1,01,00,1,09,22,00,23,19,9,30,70,4,2,01,45,45,03,61,31,00,01,00,10,00,10,00,3,0,2,0,2,0,4,2,360848027,1361551705,5,3
1,52,105,0086,2,000,001,20170,0,0000,210,2019,09,07,13,58,12,1,3,1,01,00,2,09,22,09,22,14,9,30,70,4,2,21,45,35,04,32,31,31,01,00,10,10,25,40,3,3,2,0,2,0,2,4,360715163,1361520515,7,3
1,52,105,0087,2,000,001,21590,0,0000,210,2019,09,20,15,45,12,1,2,1,01,00,1,09,22,09,22,15,9,30,70,5,3,21,55,35,03,03,31,31,01,01,03,03,70,10,3,3,2,2,2,2,4,2,360819568,1361255176,6,3
1,52,106,0024,2,000,002,00080,0,0000,208,2019,08,24,15,01,12,2,3,1,14,00,7,00,23,00,23,05,9,01,70,4,2,21,55,01,03,04,31,31,01,01,04,04,10,10,2,2,2,2,2,2,4,2,361300243,1361625623,7,3
1,52,106,0025,2,000,001,21990,0,0000,208,2019,09,06,12,23,12,1,3,1,14,00,7,00,23,00,23,03,9,01,70,4,2,21,35,45,11,34,01,31,11,00,04,04,70,10,3,3,2,0,2,0,4,2,361229940,1361616663,6,3
1,52,106,0026,1,001,002,10350,0,0000,208,2019,09,21,11,17,12,3,3,1,14,00,7,00,23,00,23,03,9,01,70,4,3,21,01,45,13,04,31,31,11,01,03,03,50,50,2,1,2,1,2,2,4,1,361520209,1361438534,7,3
1,52,107,0015,2,000,001,20690,0,0000,210,2019,08,27,16,38,12,3,3,2,01,00,7,09,22,09,22,14,9,30,70,5,3,21,01,01,03,33,31,31,01,00,10,03,80,20,2,2,2,0,2,0,4,2,361439044,1361131210,3,3
1,52,107,0016,2,000,001,10110,0,0000,210,2019,08,10,14,50,12,1,2,1,14,00,7,00,23,00,23,03,9,01,70,4,4,01,35,01,04,61,31,00,01,00,03,00,10,00,3,0,2,0,2,0,4,2,361312731,1360821189,7,2
1,52,109,0080,2,000,001,21080,0,0000,207,2019,07,23,11,20,12,1,3,1,01,00,1,09,22,09,22,15,9,30,70,4,2,21,75,35,03,13,31,31,01,11,10,03,40,10,3,3,2,2,2,2,4,2,355850082,1360942468,3,3
1,52,109,0081,2,000,001,99000,0,0000,207,2019,08,07,11,10,12,1,3,1,00,00,7,00,23,00,23,00,0,20,70,0,4,01,35,45,12,61,31,00,11,00,10,00,50,00,4,0,2,0,2,0,4,2,355709909,1360920371,4,3
1,52,109,0082,2,000,001,04170,0,0000,207,2019,09,06,08,22,12,1,2,1,01,00,1,09,22,00,23,15,9,30,70,4,2,01,25,75,04,61,31,00,01,00,03,00,50,00,3,0,2,0,2,0,4,2,355647601,1361147410,6,3
1,52,109,0083,2,000,001,21790,0,9999,207,2019,09,08,12,45,12,1,2,1,01,00,7,01,21,09,22,15,9,30,70,4,2,21,25,25,03,03,31,31,01,01,10,04,84,18,3,3,1,1,2,2,4,4,355902592,1361053562,1,3
1,52,109,0084,2,000,001,00080,2,0422,207,2019,09,24,15,23,12,2,3,1,14,00,1,00,23,00,23,04,9,01,70,1,2,21,55,25,12,04,01,31,11,01,10,10,30,10,3,3,2,2,2,2,2,4,355702691,1361132580,3,3
1,52,109,0085,2,000,001,21290,0,0000,207,2019,09,09,14,08,12,1,2,1,14,00,7,00,23,00,23,05,9,01,70,4,2,21,25,75,03,04,31,31,01,01,03,10,20,50,3,3,2,2,2,2,2,4,355829498,1361138328,2,3
1,52,111,0050,2,000,001,37000,0,0000,209,2019,06,26,20,10,21,1,2,1,01,00,7,09,22,01,21,14,9,30,70,4,2,21,55,75,04,51,31,00,01,00,03,00,20,40,3,3,2,0,2,0,4,2,355358949,1360938004,4,3
1,52,111,0051,2,000,001,37000,0,0000,209,2019,08,07,17,32,12,1,2,1,14,00,7,00,23,00,23,03,9,01,70,4,2,41,65,00,02,76,01,00,01,00,03,00,00,00,4,0,2,0,2,0,4,0,355356706,1360937668,4,3
1,52,111,0052,2,000,002,37000,0,0000,209,2019,08,10,09,05,12,1,3,1,01,00,1,09,22,09,22,15,9,30,70,4,2,21,75,55,03,04,31,31,01,01,03,04,20,10,2,2,2,1,2,2,2,2,355350908,1360907345,7,2
1,52,112,0078,2,000,001,37000,0,0000,202,2019,08,19,19,33,21,3,3,2,01,00,7,09,22,00,23,15,9,30,70,5,2,01,75,45,14,61,31,00,11,00,03,00,10,00,3,0,2,0,2,0,4,2,353838142,1360342937,2,3
1,52,112,0079,2,000,001,37000,0,0000,202,2019,09,04,08,15,12,2,2,1,01,00,7,01,21,09,22,15,9,30,70,5,4,21,55,25,03,04,31,31,01,01,10,02,40,10,3,3,2,2,2,2,4,2,353827592,1360334746,4,3
1,52,112,0080,2,000,001,21500,0,0000,202,2019,09,07,15,03,12,1,1,1,14,00,1,00,23,00,23,03,9,01,70,4,3,21,35,35,04,14,31,01,01,11,03,03,30,10,3,3,2,2,2,2,4,4,353852651,1360357874,7,3
1,52,112,0081,2,000,001,00080,1,4647,202,2019,08,25,10,09,12,1,1,1,01,00,1,09,22,09,22,18,9,30,70,5,2,21,35,75,04,51,31,00,01,00,04,00,10,40,2,2,2,0,2,0,4,2,353857055,1360420629,1,3
1,52,112,0082,2,000,001,00080,1,4537,202,2019,09,08,17,08,12,1,2,1,01,00,1,09,22,09,22,18,9,30,70,4,2,21,55,75,03,51,31,00,01,00,04,00,10,40,3,3,2,0,2,0,4,2,353929257,1360434676,1,3
1,52,112,0083,2,000,003,21500,0,0000,202,2019,09,03,18,40,21,2,2,1,07,00,1,00,23,00,23,03,9,01,70,4,2,21,45,01,03,04,01,31,01,01,03,03,30,10,3,3,2,2,2,2,4,4,353812285,1360327013,3,3
1,52,112,0084,2,000,001,00080,2,4570,202,2019,09,04,15,28,12,2,3,2,13,00,7,00,23,00,23,03,6,01,70,4,3,21,35,65,11,03,31,31,11,01,04,04,20,15,2,2,2,1,2,1,2,4,354224384,1360509802,4,3
1,52,112,0085,2,000,001,00080,1,4605,202,2019,09,07,11,20,12,1,3,1,14,00,7,00,23,00,23,03,9,01,70,4,2,21,35,25,03,03,31,31,01,01,04,04,10,30,2,2,1,2,2,2,4,2,354100434,1360511650,7,3
1,52,112,0086,2,000,001,99000,0,0000,202,2019,09,22,11,41,12,2,2,1,00,00,7,00,23,00,23,00,0,20,70,0,4,21,45,75,03,04,31,31,01,01,10,10,10,30,3,3,2,2,2,2,2,4,353759688,1360257851,1,2
1,52,112,0087,2,000,001,00080,2,4712,202,2019,09,18,03,03,22,2,3,1,01,00,1,09,22,09,22,17,9,30,70,1,2,21,65,45,11,11,01,01,11,11,04,04,80,26,2,2,2,2,2,2,4,2,353608518,1360601811,4,3
1,52,112,0088,2,000,002,21500,0,0000,202,2019,09,12,13,07,12,1,3,1,14,00,7,00,23,00,23,03,9,01,70,4,2,21,01,55,03,04,31,31,01,01,03,03,10,13,3,3,2,2,2,2,4,2,353854144,1360411849,5,3
1,52,113,0043,2,000,001,00270,2,4810,204,2019,08,15,06,39,12,2,3,1,13,00,1,00,23,00,23,03,5,01,70,4,3,21,35,45,04,04,31,31,01,01,04,04,50,50,2,3,1,1,2,2,4,2,352921220,1354404834,5,3
1,52,113,0044,2,000,001,37000,0,0000,481,2019,08,09,11,12,12,1,3,1,01,00,7,09,22,09,22,15,9,30,70,4,4,21,65,45,03,04,31,31,01,01,10,10,60,50,3,3,2,2,2,2,4,2,352938498,1353308825,6,3