資料区分,都道府県コード,警察署等コード,本票番号,事故内容,死者数,負傷者数,路線コード,上下線,地点コード,市区町村コード,発生日時　　年,発生日時　　月,発生日時　　日,発生日時　　時,発生日時　　分,昼夜,天候,地形,路面状態,道路形状,環状交差点の直径,信号機,一時停止規制　標識（当事者A）,一時停止規制　表示（当事者A）,一時停止規制　標識（当事者B）,一時停止規制　表示（当事者B）,車道幅員,道路線形,衝突地点,ゾーン規制,中央分離帯施設等,歩車道区分,事故類型,年齢（当事者A）,年齢（当事者B）,当事者種別（当事者A）,当事者種別（当事者B）,用途別（当事者A）,用途別（当事者B）,車両形状（当事者A）,車両形状（当事者B）,速度規制（指定のみ）（当事者A）,速度規制（指定のみ）（当事者B）,車両の衝突部位（当事者A）,車両の衝突部位（当事者B）,車両の損壊程度（当事者A）,車両の損壊程度（当事者B）,エアバッグの装備（当事者A）,エアバッグの装備（当事者B）,サイドエアバッグの装備（当事者A）,サイドエアバッグの装備（当事者B）,人身損傷程度（当事者A）,人身損傷程度（当事者B）,地点　緯度（北緯）,地点　経度（東経）,曜日(発生年月日),祝日(発生年月日)
1,52,113,0045,2,000,001,00270,1,0057,483,2019,08,06,08,04,12,1,2,1,14,00,7,00,23,00,23,03,9,01,70,4,2,21,35,65,03,03,31,31,01,01,04,04,10,30,3,3,2,2,2,2,4,2,352843250,1353802539,3,3
1,52,113,0046,2,000,001,01620,0,0000,483,2019,08,04,18,12,13,1,3,1,13,00,7,00,23,00,23,03,4,01,70,4,2,21,45,45,03,04,31,31,01,01,04,04,10,10,3,2,1,1,1,2,4,2,352342971,1353503000,1,3
1,52,113,0047,1,001,001,10300,0,0000,501,2019,09,23,18,35,21,1,3,1,07,00,7,00,23,00,23,03,9,01,70,4,3,21,45,55,14,23,31,00,11,00,04,04,10,30,2,3,2,0,2,0,1,2,352955452,1355226378,2,1
1,52,113,0048,2,000,001,99000,0,0000,501,2019,09,11,11,05,12,1,3,1,00,00,7,00,23,00,23,00,0,20,70,0,4,41,75,00,04,75,31,00,01,00,10,00,10,00,3,0,2,0,2,0,4,0,352815818,1355215840,4,3
1,52,114,0100,2,000,001,10100,0,0000,201,2019,09,01,13,18,12,1,3,1,07,00,1,00,23,00,23,03,9,01,70,4,2,21,45,45,03,14,31,31,01,11,03,03,30,10,3,3,2,2,2,2,2,4,360323292,1361039004,1,3
1,52,114,0101,2,000,001,37000,0,0000,201,2019,09,01,18,33,21,1,2,1,01,00,7,09,22,00,23,14,9,30,70,4,2,01,75,75,04,61,31,00,01,00,02,00,80,00,3,0,2,0,2,0,4,2,360336922,1361236459,1,3
1,52,114,0102,2,000,001,37000,0,0000,201,2019,09,05,15,06,12,1,2,1,01,00,2,01,22,00,23,15,9,30,70,4,2,01,75,65,04,61,31,00,01,00,10,00,10,00,3,0,2,0,2,0,4,2,360253287,1361310073,5,3
1,52,114,0103,2,000,001,20980,0,0000,201,2019,08,27,19,20,21,3,2,2,01,00,7,09,22,09,22,14,9,30,70,4,2,21,55,75,03,04,31,31,01,01,10,03,80,40,3,3,2,2,2,2,4,2,360243169,1361353994,3,3
1,52,114,0105,2,000,001,37000,0,0000,201,2019,08,27,11,40,12,1,2,2,01,00,7,01,21,09,22,15,9,30,70,4,4,21,75,65,03,03,31,31,01,01,02,03,10,20,3,3,2,2,2,2,4,2,360209661,1361243569,3,3
1,52,114,0106,2,000,001,10100,0,0000,201,2019,09,06,10,09,12,1,2,1,14,00,7,00,23,00,23,04,9,01,70,4,2,21,65,35,03,03,31,31,01,01,03,03,10,40,3,3,2,2,2,2,4,2,360341828,1361155318,6,3
1,52,114,0107,2,000,001,37000,0,0000,201,2019,09,14,11,18,12,1,3,1,14,00,7,00,23,00,23,04,9,01,70,4,2,21,65,25,03,04,31,31,01,01,03,03,30,10,3,3,2,2,2,2,2,4,360223504,1361337035,7,3
1,52,114,0108,2,000,001,99000,0,0000,201,2019,09,20,13,35,12,1,3,1,00,00,7,00,23,00,23,00,0,20,70,0,4,01,65,35,03,61,31,00,01,00,10,00,30,00,3,0,2,0,2,0,4,2,360219530,1361222200,6,3
1,52,114,0109,2,000,001,37000,0,0000,201,2019,09,27,08,07,12,1,2,1,01,00,7,09,22,01,21,14,9,30,70,5,4,21,35,01,03,51,31,00,01,00,10,00,40,10,3,3,2,0,2,0,4,2,360250210,1361104573,6,3
1,52,059,0025,1,001,000,43020,2,0077,209,2019,10,17,05,10,23,2,3,1,11,00,7,00,23,00,23,03,6,01,70,1,4,41,45,00,31,75,31,00,00,00,07,00,20,00,2,0,0,0,0,0,1,0,355219028,1361201205,5,3
1,52,059,0026,2,000,001,43020,2,0000,210,2019,10,20,12,50,12,1,3,1,01,00,7,09,22,01,22,18,9,30,70,4,4,21,45,25,03,04,31,31,01,01,03,10,60,80,3,3,2,2,2,2,2,4,360841015,1361651644,1,3
1,52,101,0308,2,000,001,21990,0,0000,201,2019,09,05,20,05,22,1,3,1,01,00,7,01,22,09,22,15,9,30,70,4,2,21,55,55,03,04,31,31,01,01,10,10,80,50,3,3,2,2,2,2,4,2,360531864,1361521277,5,3
1,52,101,0309,2,000,001,37000,0,0000,201,2019,07,12,21,15,22,2,1,1,14,00,7,00,23,00,23,03,9,01,70,4,3,01,45,00,61,00,00,00,00,00,00,00,00,00,0,0,0,0,0,0,2,0,360355995,1361253315,6,3
1,52,101,0311,2,000,001,00080,2,0405,201,2019,09,05,16,10,12,1,2,1,14,00,7,00,23,00,23,05,9,01,70,1,2,21,35,25,03,03,31,31,01,01,10,10,10,30,3,2,1,1,2,2,4,4,360524877,1361457284,5,3
1,52,101,0312,2,000,001,37000,0,0000,201,2019,07,18,19,00,13,3,1,2,01,00,7,09,22,09,22,15,9,30,70,4,2,21,55,01,04,51,31,00,01,00,04,00,10,20,3,3,2,0,2,0,4,2,360640850,1361419357,5,3
1,52,101,0313,2,000,001,37000,0,0000,201,2019,09,10,09,25,12,1,2,1,07,00,1,00,23,00,23,05,9,01,70,4,2,21,45,75,03,04,31,31,01,01,04,04,30,10,3,3,2,2,2,2,2,4,360415623,1361331455,3,3
1,52,101,0314,2,000,001,37000,0,0000,201,2019,09,13,08,39,12,1,3,1,13,00,7,00,23,00,23,03,3,01,70,4,2,21,65,01,04,04,31,31,01,01,04,04,57,20,2,2,1,1,2,2,4,2,360731471,1361134160,6,3
1,52,101,0315,2,000,001,37000,0,0000,201,2019,09,24,06,40,11,3,2,2,14,00,7,00,23,00,23,03,9,01,70,4,2,21,25,55,04,04,31,31,01,01,03,03,10,30,3,3,2,2,2,2,4,2,360443678,1361155282,3,3
1,52,101,0316,2,000,001,20030,0,0000,201,2019,08,31,08,03,12,2,3,1,01,00,1,09,22,09,22,15,9,30,70,4,2,21,55,25,03,04,31,31,01,01,04,10,10,40,2,2,1,1,2,2,4,2,360720506,1361055190,7,3
1,52,101,0317,2,000,001,37000,0,0000,201,2019,09,24,11,05,12,2,1,1,01,00,1,09,22,00,23,18,9,30,70,4,2,01,75,75,04,61,31,00,01,00,04,00,10,00,3,0,2,0,2,0,4,2,360414676,1361249674,3,3
1,52,101,0318,2,000,001,37000,0,0000,201,2019,10,05,13,10,12,1,2,1,14,00,7,00,23,00,23,05,9,01,70,4,2,21,45,65,04,14,31,31,01,11,10,04,50,80,3,3,2,2,2,2,4,2,360510936,1361443796,7,3
1,52,101,0319,2,000,001,37000,0,0000,201,2019,09,15,07,45,12,1,2,1,01,00,1,09,22,09,22,14,3,30,70,5,2,21,35,01,03,51,31,00,01,00,03,00,50,10,3,3,2,0,2,0,4,2,360448914,1361256929,1,2
1,52,101,0320,2,000,001,04160,0,0000,201,2019,09,30,16,10,12,1,2,1,14,00,1,00,23,00,23,05,9,01,70,4,2,21,75,01,03,04,31,31,01,01,04,04,85,60,2,3,2,2,2,2,4,4,360507500,1361444868,2,3
1,52,101,0321,2,000,001,37000,0,0000,201,2019,09,06,10,34,12,1,1,1,01,00,7,09,22,01,22,15,9,30,70,4,3,21,65,45,03,03,31,31,01,01,10,10,10,10,3,3,2,1,2,2,4,2,360244940,1361431506,6,3
1,52,101,0322,2,000,001,37000,0,0000,201,2019,10,02,07,40,12,2,2,1,01,00,7,01,21,09,22,18,9,30,70,4,2,21,25,35,03,03,31,31,01,01,10,03,80,50,3,3,2,2,2,2,4,2,360402400,1361434778,4,3
1,52,101,0323,2,000,001,37000,0,0000,201,2019,09,19,12,24,12,1,3,1,14,00,7,00,23,00,23,04,9,01,70,4,2,21,25,65,03,04,31,31,01,01,10,10,80,50,3,3,2,2,2,2,4,4,360532365,1361504959,5,3
1,52,101,0324,2,000,001,37000,0,0000,201,2019,09,13,13,01,12,2,3,1,01,00,7,09,22,01,21,15,9,30,70,5,2,21,65,45,03,14,31,31,01,11,02,10,20,80,3,3,2,2,1,2,2,4,360535989,1361249610,6,3
1,52,101,0325,2,000,001,37000,0,0000,201,2019,09,21,01,03,22,2,1,1,14,00,7,00,23,00,23,04,9,01,70,4,3,01,55,25,03,61,31,00,01,00,10,00,30,00,4,0,2,0,2,0,4,2,360355787,1361255086,7,3
1,52,101,0326,2,000,001,00080,2,1869,201,2019,10,09,15,48,12,1,2,1,12,00,7,00,23,00,23,05,8,01,70,1,4,21,55,01,11,03,31,31,11,01,10,10,10,30,3,2,2,2,2,2,4,2,360429213,1361438662,4,3
1,52,101,0327,2,000,003,10350,0,0000,201,2019,09,19,20,43,22,1,2,1,14,00,7,00,23,00,23,05,9,01,70,4,2,21,35,01,03,03,31,31,01,01,04,04,10,50,2,2,1,1,2,2,4,2,360656695,1361310666,5,3
1,52,101,0328,2,000,001,10360,0,0000,201,2019,09,30,14,45,12,2,2,1,01,00,7,04,22,09,22,18,9,30,70,4,2,21,45,45,03,51,31,00,01,00,10,00,10,20,3,3,2,0,2,0,4,2,360358825,1361303124,2,3
1,52,101,0329,2,000,001,01580,0,0000,201,2019,10,14,02,23,22,2,3,1,14,00,7,00,23,00,23,03,8,01,70,4,2,21,45,35,03,04,31,31,01,01,10,10,30,10,2,2,2,1,2,2,2,4,355944650,1362614452,2,1
1,52,101,0330,2,000,001,37000,0,0000,201,2019,09,23,18,10,21,2,2,1,01,00,7,01,21,09,22,14,9,30,70,4,3,21,35,55,03,03,31,31,01,01,10,10,50,80,3,3,2,2,2,2,4,4,360511727,1361459059,2,1
1,52,101,0331,2,000,001,37000,0,0000,201,2019,10,08,08,33,12,3,1,2,07,00,1,00,23,00,23,04,9,01,70,4,2,21,35,35,03,04,31,31,01,01,03,03,10,30,3,3,2,2,2,2,4,2,360348465,1361351159,3,3
1,52,101,0332,2,000,001,10010,0,0000,201,2019,10,17,21,56,22,1,2,1,14,00,1,00,23,00,23,05,9,01,70,4,2,21,45,55,03,04,31,31,01,01,03,03,48,15,3,3,2,2,2,2,2,4,360508522,1361232366,5,3
1,52,101,0333,2,000,001,37000,0,0000,201,2019,10,07,09,39,12,1,2,1,07,00,7,00,23,00,23,03,9,01,70,4,3,21,25,65,03,04,31,31,01,01,10,10,30,58,3,3,2,2,2,2,2,4,360505842,1361435493,2,3
1,52,101,0334,2,000,001,37000,0,0000,201,2019,09,19,12,40,12,1,3,1,01,00,7,09,22,09,22,15,9,30,70,5,4,21,35,01,04,51,31,00,01,00,10,00,10,10,3,3,2,0,2,0,4,2,360700992,1361459125,5,3
1,52,101,0335,2,000,001,37000,0,0000,322,2019,10,08,12,28,12,3,3,2,00,00,7,00,23,00,23,00,0,20,70,0,4,01,55,45,17,61,01,00,11,00,10,00,20,00,4,0,2,0,2,0,4,2,360318640,1362115539,3,3
1,52,101,0336,2,000,001,20190,0,0000,201,2019,10,06,16,50,13,1,3,1,01,00,7,09,22,09,22,14,9,30,70,4,2,21,65,45,03,51,31,00,01,00,10,00,10,30,3,3,2,0,2,0,4,2,360350593,1361412614,1,3
1,52,101,0337,2,000,001,37000,0,0000,201,2019,10,23,07,45,12,1,2,1,01,00,7,09,22,00,23,15,9,30,70,4,4,01,01,01,03,61,31,00,01,00,01,00,10,00,3,0,2,0,2,0,4,2,360653501,1361426389,4,3
1,52,101,0338,2,000,001,04160,0,0000,201,2019,10,04,12,30,12,3,2,2,01,00,1,09,22,09,22,18,9,30,70,5,2,21,65,65,04,14,31,31,01,11,03,04,50,40,2,3,2,2,2,2,2,4,360504649,1361404620,6,3
1,52,101,0339,2,000,001,00080,1,0000,201,2019,10,05,11,05,12,1,2,1,01,00,1,09,22,09,22,18,9,30,70,5,2,21,75,65,04,51,31,00,01,00,10,00,10,20,3,3,2,0,2,0,4,2,360402473,1361433263,7,3
1,52,101,0340,2,000,001,37000,0,0000,201,2019,09,10,18,10,13,1,2,1,01,00,7,09,22,01,21,15,9,30,70,4,2,21,55,01,03,04,31,31,01,01,10,10,10,70,3,3,2,2,2,2,2,4,360554586,1361408550,3,3
1,52,101,0341,2,000,001,10360,0,0000,201,2019,10,28,12,28,12,1,2,1,01,00,1,09,22,09,22,15,9,30,70,4,2,21,65,35,03,51,31,00,01,00,04,00,25,40,3,3,2,0,2,0,4,2,360440504,1361310519,2,3
1,52,101,0342,2,000,001,37000,0,0000,201,2019,10,11,19,35,22,2,1,1,01,00,7,01,22,09,22,14,9,30,70,4,2,21,65,01,03,51,31,00,01,00,10,00,10,20,3,3,2,0,2,0,4,2,360424252,1361421456,6,3
1,52,101,0343,2,000,001,04160,0,0000,201,2019,10,26,20,10,22,1,2,1,01,00,1,09,22,09,22,18,9,30,70,4,2,21,25,01,03,34,31,31,01,00,04,03,80,10,3,3,2,0,2,0,4,2,360502221,1361335790,7,3
1,52,103,0015,2,000,001,01580,0,0000,205,2019,10,26,05,55,23,2,3,1,01,00,1,09,22,09,22,18,9,30,70,4,2,21,65,75,03,14,31,31,01,11,04,03,20,80,3,2,2,2,1,2,4,2,355813378,1363017155,7,3
1,52,104,0011,2,000,001,10240,0,0000,206,2019,10,13,19,45,22,1,2,1,14,00,7,00,23,00,23,03,9,01,70,4,2,21,01,35,03,04,31,31,01,01,03,03,10,30,3,3,2,2,2,2,4,2,360417358,1362853692,1,2
1,52,105,0088,2,000,001,00080,1,0000,210,2019,09,27,23,10,22,3,2,2,01,00,7,01,22,09,22,15,9,30,70,1,3,21,01,01,04,04,31,31,01,01,10,10,20,80,2,2,2,2,2,2,4,2,360923342,1361551844,6,3
1,52,105,0089,2,000,001,20770,0,0000,210,2019,09,23,13,50,12,2,2,1,14,00,7,00,23,00,23,03,9,01,70,4,2,21,65,01,04,51,31,00,01,00,03,00,14,20,3,3,2,0,2,0,4,2,360744874,1361256775,2,1
1,52,105,0090,2,000,001,20020,0,0000,210,2019,10,04,07,37,12,1,3,1,01,00,7,01,22,09,22,15,9,30,70,4,3,21,01,25,03,03,31,31,01,01,03,10,47,15,2,2,2,2,2,2,4,2,360851832,1361119904,6,3
1,52,105,0091,2,000,002,00080,1,3992,210,2019,10,06,17,31,13,1,2,1,14,00,7,00,23,00,23,04,9,01,70,1,2,21,35,65,03,04,31,31,01,01,10,10,30,10,3,3,2,2,2,2,2,4,360851176,1361553850,1,3
1,52,105,0092,2,000,002,20770,0,0000,210,2019,09,24,07,18,12,2,2,1,01,00,7,09,22,01,21,15,9,30,70,5,2,21,35,55,03,04,31,31,01,01,03,10,80,50,3,3,2,2,2,2,2,4,360746726,1361251045,3,3
1,52,105,0093,2,000,001,10130,0,0000,210,2019,09,06,16,30,12,1,3,1,07,00,1,00,23,00,23,04,9,01,70,4,2,21,01,25,03,04,31,31,01,01,04,04,80,20,3,3,2,2,2,2,2,4,360913178,1361212199,6,3
1,52,105,0094,2,000,001,37000,0,0000,210,2019,09,28,10,49,12,2,2,1,14,00,7,00,23,00,23,03,9,01,70,4,2,01,25,75,04,61,31,00,01,00,01,00,10,00,3,0,2,0,2,0,4,2,360801611,1361316881,7,3
1,52,105,0095,2,000,001,00080,1,3970,210,2019,10,16,10,24,12,1,2,1,07,00,7,00,23,00,23,05,9,01,70,1,2,21,55,25,12,13,01,31,11,11,10,10,10,30,3,3,2,2,2,2,4,2,360933709,1361550730,4,3
1,52,105,0097,2,000,001,99000,0,0000,210,2019,10,19,14,00,12,3,3,2,00,00,7,00,23,00,23,00,0,20,70,0,4,21,75,55,03,03,31,31,01,01,10,10,30,10,3,3,2,2,2,2,4,2,360801535,1361215599,7,3
1,52,105,0098,2,000,001,37000,0,0000,210,2019,10,17,12,23,12,1,2,1,01,00,7,04,21,09,22,15,9,30,70,5,2,21,45,45,04,04,31,31,01,01,03,03,80,50,3,3,2,2,2,2,4,2,360859651,1361600246,5,3
1,52,106,0027,2,000,002,37000,0,0000,208,2019,08,17,20,25,22,1,3,1,01,00,7,04,21,09,22,17,9,30,70,4,3,21,65,25,03,03,31,31,01,01,04,04,40,10,2,2,1,1,1,2,2,2,361407420,1361310595,7,3
1,52,107,0017,2,000,001,99000,0,0000,210,2019,10,04,08,49,12,3,3,2,00,00,7,00,23,00,23,00,0,20,70,0,4,21,45,55,03,04,31,31,01,01,10,10,10,30,3,3,2,2,2,2,4,2,361337303,1360900015,6,3
1,52,109,0086,2,000,001,37000,0,0000,207,2019,09,28,08,55,12,1,3,1,07,00,1,00,23,00,23,03,9,01,70,4,2,21,65,35,03,04,31,31,01,01,10,10,30,10,3,3,2,1,2,2,2,4,355653695,1361411976,7,3
1,52,109,0087,2,000,002,04170,0,0000,207,2019,09,21,15,11,12,3,2,2,07,00,1,00,23,00,23,04,9,01,70,4,2,21,35,65,03,04,31,31,01,01,04,04,30,10,3,3,2,2,2,2,2,4,355716484,1361102942,7,3
1,52,109,0088,2,000,001,37000,0,0000,207,2019,09,24,06,15,11,3,2,2,07,00,1,00,23,00,23,04,9,01,70,4,2,21,65,35,04,04,31,31,01,01,04,04,10,30,3,3,2,2,2,2,4,2,355715713,1361033324,3,3
1,52,109,0089,2,000,001,03650,0,0000,423,2019,09,18,14,24,12,1,3,1,01,00,7,01,22,09,22,15,9,30,70,4,2,21,25,75,03,14,31,31,01,11,10,03,40,10,3,3,2,2,2,2,4,2,355528372,1360635897,4,3
1,52,109,0090,2,000,001,37000,0,0000,207,2019,09,22,18,07,21,3,2,2,01,00,7,01,22,09,22,15,9,30,70,4,4,21,01,45,03,03,31,31,01,01,10,10,10,80,2,2,1,1,2,2,4,2,355629351,1361140540,1,2
1,52,109,0091,2,000,001,99000,0,0000,423,2019,09,02,12,19,12,1,2,1,00,00,7,00,23,00,23,00,0,20,70,0,4,21,55,65,14,36,31,31,11,00,10,10,50,20,3,3,2,0,2,0,4,2,355619993,1355941442,2,3
1,52,109,0092,2,000,001,00080,1,4185,207,2019,10,07,09,52,12,1,3,1,01,00,1,09,22,09,22,17,9,30,70,5,2,21,25,55,17,03,31,31,11,01,10,10,40,10,3,2,2,2,2,2,4,2,355907204,1361151969,2,3
1,52,109,0093,2,000,001,37000,0,0000,207,2019,09,18,13,45,12,1,2,1,01,00,7,04,22,09,22,15,9,30,70,4,3,21,75,01,03,14,31,31,01,11,10,10,10,80,3,3,2,2,2,2,4,2,355642438,1361113803,4,3
1,52,109,0094,2,000,001,00080,1,4220,207,2019,10,16,23,18,22,2,3,1,01,00,1,09,22,09,22,19,9,30,70,5,2,21,25,01,03,04,31,31,01,01,10,10,40,10,3,3,2,1,1,2,2,4,355721650,1361118992,4,3
1,52,111,0053,2,000,001,00080,1,4496,404,2019,08,13,10,29,12,1,3,1,14,00,7,00,23,00,23,04,7,01,70,4,4,21,35,35,12,51,01,00,11,00,04,00,40,24,3,3,2,0,2,0,4,2,354558870,1360620079,3,3
1,52,111,0054,2,000,001,37000,0,0000,209,2019,10,06,19,22,22,1,3,1,01,00,2,01,22,09,22,14,9,30,70,4,2,21,25,01,03,04,31,31,01,01,10,04,80,56,3,3,1,1,2,2,4,2,355513074,1360918722,1,3
1,52,111,0055,2,000,001,37000,0,0000,209,2019,09,15,09,20,12,1,3,1,01,00,7,09,22,09,22,14,9,30,70,4,2,21,65,75,04,51,31,00,01,00,04,00,40,10,3,3,2,0,2,0,4,2,355555227,1360844401,1,2
1,52,111,0056,2,000,001,10340,0,0000,209,2019,09,14,23,23,22,1,2,1,14,00,7,00,23,00,23,04,9,01,70,4,2,01,45,45,04,61,31,00,01,00,04,00,20,00,3,0,2,0,2,0,4,2,355312219,1360926558,7,3
1,52,111,0057,2,000,001,10070,0,0000,209,2019,10,10,12,50,12,1,3,1,11,00,7,00,23,00,23,03,9,01,70,4,2,21,55,55,13,51,31,00,11,00,03,00,80,20,3,1,2,0,2,0,4,2,355519705,1361943436,5,3
1,52,111,0058,2,000,001,10340,0,0000,209,2019,10,23,09,15,12,1,2,1,00,00,7,00,23,00,23,00,0,20,70,0,4,41,75,00,51,75,00,00,00,00,00,00,00,00,4,0,0,0,0,0,2,0,355530122,1360936673,4,3
1,52,111,0059,2,000,001,00080,1,0442,404,2019,09,07,10,19,12,1,3,1,14,00,7,00,23,00,23,03,8,01,70,4,2,21,01,45,13,04,31,31,11,01,04,04,10,30,3,3,2,2,2,2,4,2,354856781,1360605971,7,3
1,52,112,0089,2,000,001,21500,0,0000,202,2019,09,20,16,35,12,1,2,1,07,00,1,00,23,00,23,03,9,01,70,4,2,21,25,75,03,14,31,31,01,11,03,03,10,30,3,3,2,2,2,2,4,2,353735255,1360238581,6,3
1,52,112,0090,2,000,001,37000,0,0000,202,2019,09,10,08,14,12,1,2,1,01,00,7,09,22,01,21,14,9,30,70,5,4,21,25,01,04,51,31,00,01,00,10,00,10,40,3,3,2,0,2,0,4,2,353840780,1360305807,3,3
1,52,112,0091,2,000,001,00080,2,4657,202,2019,09,18,16,13,12,1,3,1,14,00,7,00,23,00,23,03,9,01,70,4,1,21,01,25,04,14,31,31,01,11,04,04,10,30,3,3,2,2,2,2,4,4,353828057,1360415719,4,3
1,52,112,0092,2,000,001,37000,0,0000,202,2019,09,21,13,49,12,2,2,1,01,00,7,09,22,01,22,15,9,30,01,4,4,21,65,01,03,51,31,00,01,00,02,00,80,12,3,3,2,0,2,0,4,2,353833695,1360336714,7,3
1,52,112,0093,2,000,001,99000,0,0000,202,2019,09,26,05,46,11,1,3,1,00,00,7,00,23,00,23,00,0,20,70,0,4,21,01,55,03,13,31,31,01,11,10,10,10,60,3,3,2,2,2,2,2,4,354101867,1360511819,5,3
1,52,112,0094,2,000,001,99000,0,0000,202,2019,08,29,10,50,12,1,3,1,00,00,7,00,23,00,23,00,0,20,70,0,4,01,35,35,03,61,31,00,01,00,10,00,70,00,3,0,2,0,2,0,4,2,353843408,1360152193,5,3
1,52,112,0095,2,000,001,37000,0,0000,202,2019,09,24,15,50,12,3,3,2,01,00,1,09,22,09,22,18,9,30,70,4,2,21,25,35,03,14,31,31,01,11,03,03,80,10,3,3,2,2,2,2,4,2,353901480,1360350243,3,3
1,52,112,0096,2,000,002,00080,2,4750,202,2019,10,04,15,40,12,1,3,1,14,00,7,00,23,00,23,03,9,01,70,4,3,21,25,45,11,03,01,31,11,01,04,04,00,10,4,2,2,2,2,2,4,2,353524658,1360726809,6,3
1,52,112,0097,2,000,001,37000,0,0000,202,2019,10,10,08,46,12,1,3,1,01,00,7,09,22,09,22,14,9,30,70,4,4,21,35,55,03,03,31,31,01,01,10,10,50,20,3,3,2,2,2,2,4,2,353753013,1360227792,5,3
1,52,112,0098,2,000,001,00080,2,4654,202,2019,10,09,10,56,12,1,3,1,14,00,7,00,23,00,23,03,9,01,70,1,1,21,01,75,12,03,31,31,11,01,10,10,10,10,3,2,2,2,2,2,2,4,353832713,1360504419,4,3
1,52,112,0099,2,000,001,21310,0,0000,202,2019,10,29,17,37,21,2,2,1,01,00,1,09,22,09,22,15,9,30,70,4,2,21,35,45,03,51,31,00,01,00,03,00,10,12,2,3,2,0,2,0,4,2,353739124,1360256930,3,3
1,52,113,0049,2,000,002,21460,0,0000,483,2019,08,08,10,13,12,1,3,1,01,00,7,09,22,09,22,15,9,30,70,4,3,21,35,35,04,04,31,31,01,01,10,10,80,50,2,2,2,1,2,2,4,2,352737796,1353653826,5,3
1,52,113,0050,2,000,002,00270,1,6290,481,2019,08,11,11,05,12,1,2,1,07,00,7,00,23,00,23,04,9,01,70,4,2,21,25,45,04,04,31,31,01,01,04,04,10,30,3,3,2,2,2,2,4,2,352921788,1353451107,1,1
1,52,113,0051,2,000,001,01620,0,0000,204,2019,09,04,17,49,13,3,2,2,07,00,1,00,23,00,23,03,8,01,70,4,2,21,35,35,04,14,31,31,01,11,03,03,10,30,3,3,2,2,2,2,4,2,353013752,1354450088,4,3
1,52,113,0052,2,000,001,10230,0,0000,204,2019,09,10,15,47,12,1,3,1,01,00,7,09,22,09,22,14,9,30,70,4,2,21,35,75,04,14,31,31,01,11,03,10,50,80,3,3,2,2,2,2,2,4,352812109,1354743517,3,3
1,52,113,0053,2,000,001,10280,0,0000,481,2019,09,22,16,21,12,3,3,1,13,00,7,00,23,00,23,03,3,01,70,4,4,21,35,75,03,14,01,31,01,11,03,03,50,50,3,2,2,1,2,2,2,4,353111408,1352759364,1,2
1,52,113,0054,2,000,001,99000,0,0000,204,2019,09,10,13,10,12,1,3,1,00,00,7,00,23,00,23,00,0,20,70,0,4,01,65,65,14,61,31,00,11,00,01,00,00,00,4,0,2,0,2,0,4,2,352928276,1354932014,3,3
1,52,113,0055,2,000,001,37000,0,0000,204,2019,09,03,11,16,12,1,2,1,01,00,7,09,22,01,22,14,9,30,70,4,2,21,35,75,03,51,31,00,01,00,10,00,10,20,3,3,2,0,2,0,4,2,352946603,1354459399,3,3
1,52,113,0056,2,000,001,00270,2,0000,481,2019,10,03,19,10,22,2,3,2,14,00,7,00,23,00,23,03,9,01,70,4,2,21,25,55,03,03,31,31,01,01,04,04,10,30,3,2,2,2,2,2,4,2,352905815,1353343239,5,3
1,52,114,0110,2,000,001,21540,0,0000,201,2019,08,01,07,00,12,1,1,1,07,00,1,00,23,00,23,04,9,01,70,4,2,21,45,75,03,03,31,31,01,01,04,04,10,30,3,3,2,2,2,2,4,2,360226311,1361251441,5,3
1,52,114,0111,2,000,001,37000,0,0000,201,2019,09,17,16,40,12,1,2,1,01,00,7,09,22,00,23,14,9,30,70,4,2,01,01,01,03,61,31,00,01,00,03,00,10,00,3,0,2,0,2,0,4,2,360330815,1361121860,3,3
1,52,114,0112,2,000,001,21540,0,0000,201,2019,09,23,09,55,12,2,2,1,14,00,7,00,23,00,23,04,9,01,70,4,2,21,45,25,03,04,31,31,01,01,04,04,30,10,3,3,2,2,2,2,2,4,360256261,1361254748,2,1
1,52,114,0113,2,000,001,37000,0,0000,201,2019,10,03,13,20,12,1,1,1,07,00,7,00,23,00,23,03,9,01,70,4,2,21,35,55,04,14,31,31,01,11,03,03,30,10,3,3,2,2,2,2,2,4,360335676,1361107626,5,3
1,52,114,0114,2,000,001,37000,0,0000,201,2019,09,10,09,09,12,1,3,1,14,00,7,00,23,00,23,03,9,01,70,5,4,21,35,25,03,03,31,31,01,01,10,10,10,10,3,3,2,2,2,2,4,2,360105750,1360642729,3,3
1,52,114,0115,2,000,001,37000,0,0000,201,2019,09,25,07,22,12,1,1,1,01,00,7,09,22,09,22,15,9,30,70,4,2,21,45,01,04,51,31,00,01,00,10,00,10,20,3,3,2,0,2,0,4,2,360225335,1361312142,4,3
1,52,114,0116,2,000,001,37000,0,0000,201,2019,08,20,16,40,12,1,2,1,01,00,7,09,22,09,22,15,9,30,70,5,3,21,45,75,03,51,31,00,01,00,01,00,20,40,3,3,2,0,2,0,4,2,360238577,1361353521,3,3
1,52,114,0117,2,000,001,21540,0,0000,201,2019,10,21,14,30,12,2,2,1,14,00,7,00,23,00,23,04,9,01,70,4,2,21,35,55,03,04,31,31,01,01,04,04,30,10,3,3,2,2,2,2,2,4,360236889,1361254738,2,2